"","gene","fc_PCR_vs_RD","pval","mean_PCR","mean_RD","mean_diff"
"19","NELL2",1.64194461405327,0.0133885740060804,-0.473853947368421,-0.288593137254902,-0.185260810113519
"102","ZNF587",0.148941351653251,0.00476749040422644,0.0224884210526316,0.150988431372549,-0.128500010319917
"164","MATN3",1.37231010005719,0.0499211287224709,-0.517271842105263,-0.376935098039216,-0.140336744066047
"166","SSFA2",1.57806111148386,0.00771622727921329,-0.420643947368421,-0.266557450980392,-0.154086496388029
"171","WNT10A",6.63570347678453,0.0302461088791123,0.118745263157895,0.0178949019607843,0.10085036119711
"279","MDM4",0.119839073160088,0.000189846449093624,0.0137952631578947,0.115114901960784,-0.10131963880289
"288","ANXA9",3.39841635318054,0.00534042894136251,-0.277767894736842,-0.0817345098039216,-0.196033384932921
"365","DUSP13",0.58939120078972,0.032782644495773,0.161995789473684,0.274852745098039,-0.112856955624355
"395","SPA17",-2.03482104207083,0.0175694374420574,-0.0763552631578947,0.0375243137254902,-0.113879576883385
"641","SULT2B1",-15.739162402837,0.00947906174306917,-0.0992986842105263,0.00630901960784314,-0.105607703818369
"956","LYNX1",4.0881597561083,0.0382883175090788,0.158093947368421,0.0386711764705882,0.119422770897833
"1417","RGS11",1.62138345068706,0.0200606634753712,-0.324338684210526,-0.200038235294118,-0.124300448916409
"1476","KRT37",3.17552720862384,0.0247200422874904,-0.146451578947368,-0.0461188235294118,-0.100332755417957
"1782","FLJ13744",0.657338917500372,0.0411020903326018,-0.308013421052632,-0.468576274509804,0.160562853457172
"1862","UGCG",1.92010472476936,0.00259917315709548,-0.316595526315789,-0.164884509803922,-0.151711016511868
"1939","MED24",5.02185497942069,0.00624257828470612,0.174204210526316,0.0346892156862745,0.139514994840041
"1951","CMYA5",-1.61205459334713,0.000508877613032272,-0.128077105263158,0.0794496078431373,-0.207526713106295
"2014","ZMAT1",0.400510576116965,0.00412574784221744,0.0978342105263158,0.244273725490196,-0.14643951496388
"2094","SLC16A1",0.136036346177801,0.0276879853744439,-0.0165444736842105,-0.121618039215686,0.105073565531476
"2176","AHNAK",11.8561808526601,0.00363535209437387,-0.133728421052632,-0.0112792156862745,-0.122449205366357
"2246","TUBA3C",0.162047895038366,0.00861805649794755,-0.0216857894736842,-0.133823333333333,0.112137543859649
"2353","SREBF1",1.87050833393266,0.0159898797497323,-0.264917894736842,-0.141628823529412,-0.12328907120743
"2356","ORMDL3",2.36055726020571,0.00895624474979193,0.278447631578947,0.117958431372549,0.160489200206398
"2581","CELSR1",2.52066338704554,5.822923497402e-05,-0.327003684210526,-0.129729215686275,-0.197274468524252
"2607","SEMA3B",1.78237849478265,0.0145014089983349,-0.292086052631579,-0.16387431372549,-0.128211738906089
"2719","C6orf192",6.74401638173848,0.0288473074513822,0.165232368421053,0.0245005882352941,0.140731780185759
"2737","CPVL",-2.20262135512297,0.00373547515211264,0.108720526315789,-0.0493596078431373,0.158080134158927
"2815","TLE1",3.02324785666174,0.0289418128638415,0.159525526315789,0.0527662745098039,0.106759251805986
"2894","EPS8",-4.77319391368533,0.0324255555406077,-0.0843526315789474,0.0176721568627451,-0.102024788441692
"2984","NFE2",0.217031796267983,0.0369887917860234,0.0321594736842105,0.14817862745098,-0.11601915376677
"2997","TBX3",2.22474076155918,0.00862788617899107,-0.192953947368421,-0.0867309803921569,-0.106222966976264
"3009","MUC1",1.63507579461085,0.0103446749958515,-0.413473157894737,-0.252877058823529,-0.160596099071207
"3029","MED18",0.516593675379157,0.0239069844999323,0.126480263157895,0.244835098039216,-0.118354834881321
"3250","AMIGO2",1.73793299731621,0.00268988441572914,-0.385853157894737,-0.222018431372549,-0.163834726522188
"3258","TMC7",4.98977005174018,0.016508817828078,0.127550263157895,0.0255623529411765,0.101987910216718
"3590","FBXL7",534.221211381121,0.00593094961041636,-0.135440789473684,-0.000253529411764706,-0.13518726006192
"3608","ADRB2",3.17321627650501,0.0363526069285467,0.163759736842105,0.051606862745098,0.112152874097007
"3620","ACOT4",2.42002275714693,0.00601344902827308,-0.197976842105263,-0.0818078431372549,-0.116168998968008
"3846","ADI1.1",-0.131933515855735,0.00697817365119699,0.012,-0.0909549019607843,0.102954901960784
"3849","THSD4",1.82567524419567,0.0164957888996868,-0.433705263157895,-0.237558823529412,-0.196146439628483
"3906","BAI2",1.44713474993898,0.0167119016828118,-0.333331315789474,-0.230338823529412,-0.102992492260062
"3937","CAPN9",-5.85102577227683,0.00291401454847827,-0.178475789473684,0.0305033333333333,-0.208979122807018
"4058","MUCL1",-50.9902861561379,0.0302634987883472,0.370209473684211,-0.00726039215686275,0.377469865841073
"4182","ABAT",13.60004964325,0.00659403190773857,-0.216280789473684,-0.0159029411764706,-0.200377848297214
"4238","SERPINB2",2.78748849635409,0.0148069685173638,-0.193363157894737,-0.0693682352941176,-0.123994922600619
"4342","MLPH",1.75378194770869,0.0136330659072578,-0.233396052631579,-0.133081568627451,-0.100314484004128
"4373","BPIFB1",2.12916300720968,0.00276428866828162,-0.393187105263158,-0.184667450980392,-0.208519654282766
"4408","CTSC",-1.62953999812893,0.00399664976949755,0.0879002631578947,-0.0539417647058824,0.141842027863777
"4425","HSD17B1",-0.217324329426834,0.040914911877489,-0.0304947368421053,0.140319019607843,-0.170813756449948
"4476","IRX2",0.700083199690988,0.0377125372845189,-0.397278684210526,-0.567473529411765,0.170194845201238
"4496","DBN1",0.118366344012266,0.00159937120730927,-0.0158584210526316,-0.133977450980392,0.118119029927761
"4565","SCIN",-1.27039513758456,0.018219566728024,-0.0592963157894737,0.0466754901960784,-0.105971805985552
"4575","FKBP10",2.54705584552589,0.0188728149315191,-0.195221842105263,-0.0766460784313726,-0.118575763673891
"4601","LRRCC1",1.69692164296984,0.0275511760970019,-0.275776052631579,-0.162515490196078,-0.113260562435501
"4676","ACADSB",1.61085086572296,0.0324918154715532,-0.311122894736842,-0.193141960784314,-0.117980933952528
"4725","TAF15",0.212412073656049,0.0377546675483409,0.0273684210526316,0.128845882352941,-0.10147746130031
"4728","CD8B",-3.39986026683803,0.0305417239894114,0.0939094736842105,-0.027621568627451,0.121531042311662
"4802","C1orf115",-22.6849926925929,0.00458938464483983,0.141122894736842,-0.00622098039215686,0.147343875128999
"4806","SLC19A2",3.1118618493508,0.000773670429346799,-0.265936052631579,-0.0854588235294118,-0.180477229102167
"4845","ABCA4",0.0222832729515025,5.03865058317938e-05,0.00525236842105263,0.235709019607843,-0.23045665118679
"4937","SLC1A2",1.40113496924861,0.0374875529286164,-0.376673157894737,-0.26883431372549,-0.107838844169247
"5028","PAQR5",-2.901030940398,0.00208744744415417,-0.125295526315789,0.04319,-0.168485526315789
"5031","CGNL1",0.225227841169736,0.0136418372548056,-0.0438939473684211,-0.194886862745098,0.150992915376677
"5032","CA12",6.83677857113099,0.00224161991201298,-0.264189210526316,-0.0386423529411765,-0.225546857585139
"5033","CA12.1",3.46535107700265,0.00196592954803258,-0.167048947368421,-0.0482054901960784,-0.118843457172343
"5043","MEX3B",13.7539824286863,0.00917829377341076,0.125805789473684,0.00914686274509804,0.116658926728586
"5229","MLPH.2",-1.57348200789179,0.0401313372212175,-0.0620368421052632,0.0394264705882353,-0.101463312693498
"5258","FLRT3",2.90072257689006,0.0130060771141798,-0.308795,-0.106454509803922,-0.202340490196078
"5272","ICOSLG",-1.98036865161932,0.00408022593388129,0.102555526315789,-0.0517860784313725,0.154341604747162
"5342","IDUA",2.81580008108397,0.000578484522549022,-0.173957368421053,-0.0617790196078431,-0.11217834881321
"5347","IGJ",-4.35553323415701,0.0245571373187719,0.189355526315789,-0.0434747058823529,0.232830232198142
"5388","RNF145",2.68935965770891,0.0278406048275906,0.181016052631579,0.0673082352941177,0.113707817337461
"5520","NXNL2",1.8700735768665,0.0442659676252641,-0.406353421052632,-0.217292745098039,-0.189060675954592
"5527","LCN2",0.309437020590881,0.00116791252610988,0.120201842105263,0.388453333333333,-0.26825149122807
"5637","TSPAN6",-1.15228848352856,0.0158298611492727,0.0715060526315789,-0.0620556862745098,0.133561738906089
"5723","PVALB",0.779824682583217,0.0419811034868397,-0.448277631578947,-0.574844117647059,0.126566486068111
"5778","INPP4B",4.41250874790457,0.00336899290807624,-0.235025789473684,-0.0532635294117647,-0.18176226006192
"5841","ASRGL1",-1.40282749174691,0.00661061283132213,0.0963855263157895,-0.0687080392156863,0.165093565531476
"5842","LRRC16A",3.32939607112912,0.00600573948083253,0.154775789473684,0.0464876470588235,0.108288142414861
"6043","PPAP2B",2.02992413022912,0.00947920087932208,0.202700263157895,0.0998560784313725,0.102844184726522
"6120","GSTP1",0.56796038680646,0.0215617868701136,-0.202033421052632,-0.355717450980392,0.153684029927761
"6136","CCND1",1.26452315739233,0.048600165825055,-0.569878684210526,-0.450666862745098,-0.119211821465428
"6187","ASRGL1.2",-0.921077642303724,0.00745056623312883,0.0748707894736842,-0.0812860784313725,0.156156867905057
"6247","GALNT6",4.4869945243339,0.0102856404437446,-0.210839473684211,-0.0469890196078431,-0.163850454076367
"6360","SERPINA5",1.47157269358557,0.0391999436337233,-0.377368947368421,-0.256439215686275,-0.120929731682147
"6394","STXBP6",0.528421248816978,0.000774981703485008,-0.230710789473684,-0.436603921568627,0.205893132094943
"6409","NR2E3",-0.624613412025463,0.00739389171774426,-0.057025,0.0912964705882353,-0.148321470588235
"6434","FMN1",-1.75112917732714,0.00368546132017189,-0.0775760526315789,0.0443005882352941,-0.121876640866873
"6506","TMEM159",-0.287870830523501,0.0103693749128283,0.0231810526315789,-0.0805258823529412,0.10370693498452
"6581","USP6",36.387702342046,0.0124755999056275,-0.107778947368421,-0.00296196078431373,-0.104816986584107
"6597","CARD14",-2.78471056758467,0.00209113910216928,-0.121166578947368,0.0435113725490196,-0.164677951496388
"6609","PMAIP1",1.37925253740329,0.00865830795614182,-0.504235526315789,-0.365586078431373,-0.138649447884417
"6707","LAIR2",3.53935264763051,0.0192951268967091,0.168616842105263,0.0476405882352941,0.120976253869969
"6795","ITGA6",-0.0346935632247993,0.000552514403239054,0.00513736842105263,-0.148078431372549,0.153215799793602
"6867","NCAM2",-11.9491564091681,0.00194125819474902,-0.139453684210526,0.0116705882352941,-0.15112427244582
"6911","TMPRSS6",1.49388615972698,0.00290484058561828,-0.353116315789474,-0.23637431372549,-0.116742002063983
"6950","PLOD2",-0.413110555805615,0.0122505191319368,-0.0466952631578947,0.113033333333333,-0.159728596491228
"7167","GPR110",2.43414436702002,0.0297961334607656,0.374946052631579,0.154036078431373,0.220909974200206
"7172","GSTA2",8.76606107556203,0.0349629356234652,0.145972105263158,0.0166519607843137,0.129320144478844
"7217","PID1",-0.77119134833002,0.0150801515441678,0.0596997368421053,-0.0774123529411765,0.137112089783282
"7308","NCALD",0.365859856859129,0.00216674654749174,-0.0919057894736842,-0.251204901960784,0.1592991124871
"7341","EGR3",-27.0799925162256,0.00844723252165829,-0.129952105263158,0.00479882352941176,-0.13475092879257
"7375","SLC44A1",68.2122192248403,0.00105750058809936,-0.102291578947368,-0.00149960784313726,-0.100791971104231
"7456","KLF8",-2.06566177493264,0.0274050630462852,0.103917368421053,-0.0503070588235294,0.154224427244582
"7477","SHROOM2",-1.35913442991686,0.025451102353605,-0.0639547368421053,0.0470554901960784,-0.111010227038184
"7567","WFDC2",1.8263539994781,0.0258834668488274,-0.317369473684211,-0.173772156862745,-0.143597316821465
"7646","SOX11",-1.75956224981197,0.000847462503231171,0.216994736842105,-0.123323137254902,0.340317874097007
"7699","PTP4A2.1",4.2482507731653,0.034260789242088,-0.140073157894737,-0.0329719607843137,-0.107101197110423
"7743","PLEKHN1",0.511417771592248,0.0426571259264382,0.113182368421053,0.221310980392157,-0.108128611971104
"7790","C12orf39",2.66745790489354,0.0169745019158183,0.299219736842105,0.112174117647059,0.187045619195046
"7964","SNCG",0.430981975928456,0.0194173137529607,0.0976394736842105,0.226551176470588,-0.128911702786378
"7975","SCGN",0.847132196592252,0.0394158664452948,-0.830617105263158,-0.980504705882353,0.149887600619195
"7976","CDCA7",0.229768074311404,0.0387934488286993,-0.0488268421052632,-0.212504901960784,0.163678059855521
"8019","HRK",-0.623725450504258,0.0102266073253599,0.0571726315789474,-0.091663137254902,0.148835768833849
"8057","RBBP8",1.57686180000232,0.00696400439768828,-0.277608684210526,-0.17605137254902,-0.101557311661507
"8062","TM4SF4",2.43586524745687,0.0262826782714685,0.209287631578947,0.0859192156862745,0.123368415892673
"8223","CEP290",-9.75124504325883,0.00557897469774396,-0.111661315789474,0.0114509803921569,-0.123112296181631
"8325","EEF1A2",1.85629140186341,0.00158870792060878,-0.599298947368421,-0.322847450980392,-0.276451496388029
"8339","CDC42BPA",-0.160823833337057,0.000379982894626203,-0.0208726315789474,0.12978568627451,-0.150658317853457
"8370","PRDM13",0.546728392677008,0.00929869996523862,-0.243315789473684,-0.445039607843137,0.201723818369453
"8456","RBP1",-0.828266621422449,0.0252496229336818,0.0605055263157895,-0.0730507843137255,0.133556310629515
"8574","TCEAL4",1.61450369868815,0.0292595765630212,-0.272992631578947,-0.169087647058824,-0.103904984520124
"8585","C6orf203",2.35096376105422,0.014327264565451,0.178853947368421,0.076076862745098,0.102777084623323
"8611","PSAT1",-1.32616138194074,0.00861701995138125,0.102373157894737,-0.0771950980392157,0.179568255933953
"8672","GDPD3",-17.4692692953506,0.00110382153055789,-0.149454736842105,0.00855529411764706,-0.158010030959752
"8682","C16orf89",0.29202192490584,0.0256963020752504,-0.0541718421052632,-0.185506078431373,0.131334236326109
"8716","CCL13",-6.89804062379657,0.0421689071293739,0.120341052631579,-0.0174456862745098,0.137786738906089
"8820","SIX2",0.277583447684688,4.27582738629405e-05,-0.0563568421052632,-0.203026666666667,0.146669824561404
"8850","MGAT4A",-4.35174862669764,0.0376397538192646,0.103191052631579,-0.0237125490196078,0.126903601651187
"8900","CBR1",0.312738376869154,0.00954107779303429,-0.0533207894736842,-0.170496470588235,0.117175681114551
"8917","SERPINA3.1",1.37960004558773,0.0354573519613274,-0.531796052631579,-0.385471176470588,-0.146324876160991
"8985","C4orf19",-0.221112543504718,0.00545433127075834,-0.0370205263157895,0.167428431372549,-0.204448957688338
"9013","DDX60L",0.664135229001426,0.0118710080077575,0.219204473684211,0.33006,-0.110855526315789
"9037","FGFBP1",-0.395391381609449,0.0497245209790689,0.048326052631579,-0.122223333333333,0.170549385964912
"9083","SRD5A1",-1.40866479557017,0.0154109355842845,0.0774713157894737,-0.0549962745098039,0.132467590299278
"9123","PTCHD1",2.39971222805444,0.0140953250362525,0.450070263157895,0.187551764705882,0.262518498452012
"9350","HENMT1",2.59633036885162,0.00677787073530873,0.217925789473684,0.0839360784313725,0.133989711042312
"9362","ESR1",1.28178906615144,0.0275492262804695,-1.07522473684211,-0.838846862745098,-0.236377874097007
"9366","GJB7",-0.506430546823299,0.00135666591351763,0.0607152631578947,-0.11988862745098,0.180603890608875
"9511","UGCG.1",1.62304889713693,0.00181587743863765,-0.375752368421053,-0.231510196078431,-0.144242172342621
"9537","PON2",0.19900302614437,0.00252712483073674,0.0266865789473684,0.13410137254902,-0.107414793601651
"9569","CABYR",2.18177528339246,0.00597550011543136,-0.297668157894737,-0.136433921568627,-0.161234236326109
"9633","ACOX3",2.72998946616606,0.00174647844666465,-0.167132631578947,-0.0612209803921569,-0.10591165118679
"9782","CARD14.1",7.34799574590518,0.00845729288731365,-0.132834473684211,-0.0180776470588235,-0.114756826625387
"9829","DENND1B.1",3.041838713727,0.0365414929475247,-0.184792894736842,-0.0607503921568627,-0.124042502579979
"9866","CCL3L3",8.17873436431652,0.0152456872134625,0.122086052631579,0.0149272549019608,0.107158797729618
"9946","GPRC5B",0.311388041696296,0.0127257832369579,-0.0575678947368421,-0.184875098039216,0.127307203302374
"10008","DACH1",1.44751398817478,0.0032453777849623,-0.832255263157895,-0.574954901960784,-0.25730036119711
"10053","RNF213",0.316613302049839,0.00854261008669509,0.0467192105263158,0.147559215686275,-0.100840005159959
"10139","GREB1",3.16822064597551,0.0203341027645517,-0.307777105263158,-0.0971450980392157,-0.210632007223942
"10248","ZFC3H1.1",-0.0381491766939594,0.00325407838130389,-0.00446394736842105,0.117012941176471,-0.121476888544892
"10519","ZNF711.2",-5.05460171081835,0.0150423516160494,0.0897568421052632,-0.0177574509803922,0.107514293085655
"10666","STOX1",2.00373117922261,0.0454741786686739,-0.224333421052632,-0.111957843137255,-0.112375577915377
"10763","CACNA2D2",1.36987870344771,0.0374040703960069,-0.406774736842105,-0.296942156862745,-0.10983257997936
"10819","CACNA1H",-23.4629862700229,0.000135358509884095,-0.215859473684211,0.0092,-0.225059473684211
"10908","FCRLB",1.28725878976601,0.00897176831666401,-0.841314736842105,-0.653570784313726,-0.18774395252838
"11013","FSIP1",1.59209988226323,0.0333839548197318,-0.470232631578947,-0.295353725490196,-0.174878906088751
"11072","ST8SIA1",-1.1419678645388,0.0333764242900054,0.0643807894736842,-0.0563770588235294,0.120757848297214
"11080","CCDC78",3.04027697099583,0.00436572351845972,-0.277034210526316,-0.0911213725490196,-0.185912837977296
"11137","ARHGEF10.1",0.672653069667831,0.0114252893976917,0.212082105263158,0.315291960784314,-0.103209855521156
"11172","ANO3",-4.52933006578998,0.0166844497756106,-0.115317631578947,0.0254601960784314,-0.140777827657379
"11244","BOD1L",-2.08162084473309,0.0153319726898103,-0.0804734210526316,0.0386590196078431,-0.119132440660475
"11270","PLAC2",-4.60383973386506,0.00862437839904714,-0.0974307894736842,0.0211629411764706,-0.118593730650155
"11278","BEND3",5.45558259811378,0.00838852053223014,0.163594736842105,0.0299866666666667,0.133608070175439
"11381","SLC30A8",1.29048883320665,0.0346768517320134,-0.517551052631579,-0.401050392156863,-0.116500660474716
"11408","STARD10",2.03283396023219,0.00541975473104561,-0.233641578947368,-0.114933921568627,-0.118707657378741
"11412","KRT86",-0.214740904852642,0.0342658543408553,0.0411721052631579,-0.191729215686275,0.232901320949432
"11467","CCDC57.2",-0.17152823285903,0.00159482087264008,-0.0173823684210526,0.101338235294118,-0.11872060371517
"11542","ALDH2",-0.77464452919609,0.0362778494422309,0.0475276315789474,-0.0613541176470588,0.108881749226006
"11569","GPRC5A",10.0335514014912,0.00105290402499557,-0.230435263157895,-0.0229664705882353,-0.207468792569659
"11573","GPRC5A.1",-21.0645264665963,8.55950417557606e-05,-0.196040526315789,0.00930666666666667,-0.205347192982456
"11603","LRRC56",1.64948353112992,0.0209287187658989,-0.273725,-0.165945882352941,-0.107779117647059
"11605","PKI55",-2.88879327152322,0.0056999954181482,0.0816531578947368,-0.0282654901960784,0.109918648090815
"11727","CA12.2",2.11559023968777,0.00497253644600734,-0.374084473684211,-0.176822745098039,-0.197261728586171
"11775","AFF3",2.26431700215259,0.00166829280841783,-0.280908947368421,-0.124059019607843,-0.156849927760578
"11845","C15orf39",-1.07075165849717,0.000724161902881689,0.0548073684210526,-0.0511858823529412,0.105993250773994
"11976","PTP4A2.2",-2.81275670470383,0.00582940200168781,-0.075478947368421,0.0268345098039216,-0.102313457172343
"11986","SLC5A11",0.645945506186818,0.0129080809703333,-0.315379473684211,-0.488244705882353,0.172865232198142
"12011","ASRGL1.3",-1.09811256559845,0.00770665391743537,0.122206578947368,-0.111287843137255,0.233494422084623
"12058","WBSCR27",-67.7883603238866,0.016131553722499,-0.103676315789474,0.00152941176470588,-0.10520572755418
"12060","CCDC74B",1.27225143035336,0.0348072267883826,-0.662207368421053,-0.520500392156863,-0.14170697626419
"12114","CHGB",0.876017356095096,0.0253837741891219,-1.78295657894737,-2.03529823529412,0.252341656346749
"12253","KIF12",2.0959861431397,0.00156467668907381,-0.322731315789474,-0.153975882352941,-0.168755433436532
"12284","NHSL1",-1.37018576598652,0.0111012574846759,0.0601076315789474,-0.0438682352941176,0.103975866873065
"12366","VAV1",24.217734198678,0.0294169547916372,0.108633157894737,0.00448568627450981,0.104147471620227
"12481","AIF1L",-10.7464679397609,0.011125316649119,0.109291578947368,-0.01017,0.119461578947368
"12527","TFPI2",-0.424422154892444,0.000968152153787883,-0.0922205263157895,0.217284901960784,-0.309505428276574
"12569","KIAA1467",1.49825699271764,0.00479503254846246,-0.381156578947368,-0.2544,-0.126756578947368
"12663","CLCA2",2.60594350689434,0.0276107186901899,0.445643421052632,0.171010392156863,0.274633028895769
"12678","ABCC13.2",1.88834966502273,0.0314696649056505,-0.261556052631579,-0.138510392156863,-0.123045660474716
"12728","DOK7",-4.31715947887132,0.000478214336375043,-0.200470263157895,0.0464356862745098,-0.246905949432405
"12732","CXXC5",3.41562618159363,3.51631525426315e-05,-0.249561052631579,-0.0730645098039216,-0.176496542827657
"12745","RNF182",0.397769816622966,0.00606156356943642,-0.149779210526316,-0.376547450980392,0.226768240454076
"12810","SUSD3",1.51762997232843,0.0136888006878195,-0.657572105263158,-0.433288823529412,-0.224283281733746
"12833","CCDC74B.1",1.30154558385716,0.0196107240458013,-0.815431578947368,-0.626510196078431,-0.188921382868937
"12870","NKX6.3",5.90365757242934,0.00752245033669715,0.162753421052632,0.0275682352941176,0.135185185758514
"12913","VEZF1.1",2.85834157822343,0.0150224064843316,-0.172356315789474,-0.0602994117647059,-0.112056904024768
"12928","CBR3",-0.42019609260398,0.0056168756683527,0.0372563157894737,-0.0886641176470588,0.125920433436533
"12946","SHROOM1.1",1.68799955654578,0.0448522994139787,-0.331230526315789,-0.196226666666667,-0.135003859649123
"13024","SPATA18",1.48781542299078,0.0271262168697586,-0.319393421052632,-0.214672745098039,-0.104720675954592
"13095","MBOAT1",1.91858932674383,0.0249728288748344,-0.26033,-0.135688235294118,-0.124641764705882
"13271","PREX1",1.42354414386493,0.0328225397394974,-0.396076315789474,-0.278232549019608,-0.117843766769866
"13347","SGK494",0.617179062914134,0.013267445307811,0.213657105263158,0.346183333333333,-0.132526228070175
"13360","PCDHB8",0.446731656215018,0.0397744186629588,-0.0924342105263158,-0.206912156862745,0.114477946336429
"13420","IGF1R.2",1.94452177239632,0.00309689442529238,-0.404747631578947,-0.208147647058824,-0.196599984520124
"13492","HOMER1",0.429595360595171,0.0153124128838973,0.0843636842105263,0.196379411764706,-0.11201572755418
"13493","ZNF800",3.48309589198198,0.0101244669728189,-0.147311052631579,-0.042293137254902,-0.105017915376677
"13495","KIAA1407",-0.787940448655626,0.000194084534475399,-0.0581526315789474,0.0738033333333333,-0.131955964912281
"13588","CAP2",-0.207414871366186,0.0111927697267232,-0.02345,0.113058431372549,-0.136508431372549
"13641","FAM169A",2.89749262998639,0.00481036752831614,-0.253100526315789,-0.087351568627451,-0.165748957688339
"13666","ERBB4",2.15063549959841,0.0308551585594835,-0.260468947368421,-0.121112549019608,-0.139356398348813
"13811","AGR3",1.6018600803434,0.0309621630514186,-0.805889210526316,-0.503095882352941,-0.302793328173375
"13821","XAF1",0.581056503384158,0.0169833218974208,0.181296578947368,0.312011960784314,-0.130715381836945
"13834","XAF1.1",0.537934127137658,0.0223963343171023,0.155481315789474,0.289034117647059,-0.133552801857585
"13956","MYBL1",1.57995902810117,0.00479814408499767,-0.448338157894737,-0.28376568627451,-0.164572471620227
"13959","USP32.1",4.07105337324977,0.0142346625100268,-0.144448157894737,-0.0354817647058824,-0.108966393188854
"14074","VLDLR",-2.12799656841976,0.0324750302007562,0.0814797368421053,-0.0382894117647059,0.119769148606811
"14079","CARD10",-29.3389822399651,0.00470946183358092,-0.113915789473684,0.00388274509803922,-0.117798534571723
"14136","PABPC1L.1",-0.469477779303606,0.00501159992354567,-0.0432547368421053,0.0921337254901961,-0.135388462332301
"14150","LMLN.1",-0.0523436613075961,6.60749160477118e-05,-0.00691368421052632,0.132082549019608,-0.138996233230134
"14155","FABP6",-7.85640032401445,0.0136690463254128,0.195177631578947,-0.024843137254902,0.220020768833849
"14343","SYTL1",1.75107434869168,0.0102689348024231,-0.266581842105263,-0.152239019607843,-0.11434282249742
"14445","FOLH1",0.285941038396189,0.0466123912844486,-0.0491034210526316,-0.17172568627451,0.122622265221878
"14474","OAS3",0.427152258276532,0.0432765712669417,0.0764063157894737,0.178873725490196,-0.102467409700722
"14478","MED13L",1.86723266601771,0.0199831061163686,-0.237209210526316,-0.127037843137255,-0.110171367389061
"14529","EFS",0.040838820414332,0.00176423757767435,-0.00518289473684211,-0.126910980392157,0.121728085655315
"14668","HTR7",1.29225233532236,0.010658151670522,-0.503193684210526,-0.389392745098039,-0.113800939112487
"14680","TNFRSF8",6.60340123029541,0.0286590391655899,0.133114210526316,0.020158431372549,0.112955779153767
"14683","CBFA2T3",5.58238084624367,0.01077891843408,-0.173174210526316,-0.031021568627451,-0.142152641898865
"14723","UGT2B17",-1.11800905239947,0.0324228734935832,-0.101403421052632,0.0907,-0.192103421052632
"14725","SLC39A6",1.31250376906953,0.0147434042515403,-0.776914473684211,-0.591933137254902,-0.184981336429309
"14749","CHRD",1.60211796564931,0.0106978704781977,-0.352346578947368,-0.219925490196078,-0.13242108875129
"14756","ZNF671",-0.0899253889975342,0.0430966301382991,-0.008295,0.092243137254902,-0.100538137254902
"14778","IL6ST",1.63981119101419,0.0190285503686505,-0.303667631578947,-0.185184509803922,-0.118483121775026
"14877","RAMP1",1.26526460975184,0.0276778767746091,-0.579008157894737,-0.457618235294118,-0.121389922600619
"15005","NUDT8",-0.0682445305943953,0.0095836766864077,0.0119173684210526,-0.174627450980392,0.186544819401445
"15039","VWCE",1.55463311219145,0.0342389917448887,0.317557894736842,0.204265490196078,0.113292404540764
"15074","PPP1R1A",1.52935525762014,0.0305890936923311,0.495194736842105,0.323793137254902,0.171401599587203
"15195","TEX14",1.62365395447467,0.0155021459206734,-0.490035,-0.30181,-0.188225
"15218","CCL18",0.0199450253546489,0.00576831204746912,-0.00386631578947368,-0.19384862745098,0.189982311661507
"15254","ZSCAN18",2.18791342727339,0.016835584390318,-0.192515789473684,-0.0879905882352941,-0.10452520123839
"15366","C20orf54",-2.52925533780474,0.0239109896218316,-0.0893055263157895,0.0353090196078431,-0.124614545923633
"15369","CHGB.1",0.840373611171574,0.044575048690805,-0.731528421052632,-0.87048,0.138951578947368
"15434","C3orf52",-10.8553730567878,0.0244514942096734,-0.142965263157895,0.01317,-0.156135263157895
"15453","ODAM",0.714482493376106,0.0331250876584397,-0.278349210526316,-0.389581568627451,0.111232358101135
"15455","S100P",-0.280612060665244,0.00142714111971461,-0.0740221052631579,0.263788039215686,-0.337810144478844
"15539","TPBG",-18.33281459315,0.0140779674861877,-0.113548421052632,0.00619372549019608,-0.119742146542828
"15711","CD163L1",-5.42471559134631,0.000411820946867268,0.126134210526316,-0.0232517647058824,0.149385975232198
"15806","SCCPDH",-8.00689839417147,0.000100768710798257,-0.259346578947368,0.0323903921568627,-0.291736971104231
"15844","HSD11B1",-38.4271059003441,0.00998248895255596,0.149368421052632,-0.00388705882352941,0.153255479876161
"15966","LACRT",0.64726160346898,0.0496368498864385,-0.237652631578947,-0.367166274509804,0.129513642930857
"16060","ITPKA",1.97099188785901,0.00440087313879915,-0.278450526315789,-0.14127431372549,-0.137176212590299
"16068","PRRT2",1.48269367356841,0.0350892471617564,-0.385130263157895,-0.259750392156863,-0.125379871001032
"16150","MOCOS",4.23236313254707,0.0327818919105808,-0.197472105263158,-0.0466576470588235,-0.150814458204334
"16191","LPPR3",1.27637804687944,0.0422374013742744,-0.591405263157895,-0.463346470588235,-0.128058792569659
"16279","TFF1",2.35301696385611,0.0164623302126123,-0.447752368421053,-0.19028862745098,-0.257463740970072
"16373","PCDHB5",-7.56641056280088,0.036034061454539,0.106581052631579,-0.0140860784313725,0.120667131062952
"16395","CHD1",10.2108263807414,0.000568369216982683,-0.113077894736842,-0.0110743137254902,-0.102003581011352
"16541","C5",29.7925387317636,0.00649235743278962,-0.118416578947368,-0.00397470588235294,-0.114441873065015
"16615","SLC4A8",0.515162123672176,0.0302161518182071,0.126630789473684,0.245807647058824,-0.119176857585139
"16681","NUDT10",-1.39072064000139,0.0299609530827827,-0.0926176315789474,0.066596862745098,-0.159214494324045
"16721","PDE4B",4.41807125462761,0.0442303716515873,0.161952631578947,0.036656862745098,0.125295768833849
"16785","GATA3",2.09533219449474,0.00102059447109528,-0.300343684210526,-0.143339411764706,-0.15700427244582
"16818","C11orf75",7.57399706848451,0.000131489225911627,0.156671842105263,0.0206854901960784,0.135986351909185
"16856","MYO10",-4.2845583482777,0.0290142740109706,0.104393684210526,-0.0243650980392157,0.128758782249742
"17133","LCT",0.230493255859261,0.0103786878300112,-0.0486786842105263,-0.211193529411765,0.162514845201238
"17330","ISG15",-0.00747565122657786,0.0269580581200331,-0.000849210526315789,0.113596862745098,-0.114446073271414
"17437","CAPN8",2.7456295177653,0.00769836986052908,-0.244926842105263,-0.0892060784313726,-0.155720763673891
"17441","PPP1CB.1",0.156396683612482,0.0117199309502911,-0.0197471052631579,-0.126262941176471,0.106515835913313
"17451","ARNT2",1.69773567667047,0.0238897276191998,-0.340266842105263,-0.200423921568627,-0.139842920536636
"17600","PHGDH",0.175652010003707,0.00101908668342265,-0.0373802631578947,-0.21280862745098,0.175428364293086
"17608","TLR5",0.242878018605271,0.00417759777558233,0.0400936842105263,0.165077450980392,-0.124983766769866
"17614","OR6Y1",0.635605379663799,0.0290637663737312,0.20091,0.316092352941176,-0.115182352941176
"17631","FOXD2.1",1.66044194863112,0.0247575429340695,-0.282472105263158,-0.17011862745098,-0.112353477812178
"17668","ZNF365",-2.30002497857441,0.00654795912804213,-0.0992068421052632,0.0431329411764706,-0.142339783281734
"17822","CATSPER2",0.246197083252719,0.0118665047472311,0.0340123684210526,0.138150980392157,-0.104138611971104
"17844","PLA2G10",13.3159698311199,0.0416940622954008,-0.176005789473684,-0.0132176470588235,-0.162788142414861
"17864","COX6C",1.39295763306459,0.00732290106380099,-0.690874210526316,-0.495976470588235,-0.194897739938081
"18012","STK39",2.14352558464404,0.0472009778162876,-0.194965,-0.0909552941176471,-0.104009705882353
"18144","MAP9",2.39400052594842,0.0180849985519574,-0.212510263157895,-0.0887678431372549,-0.12374242002064
"18295","TRPA1",1.5837266918843,0.0224645205775416,-0.323163157894737,-0.204052352941176,-0.11911080495356
"18301","ENPP2",-1.06196941107322,0.0230661664505991,0.0740244736842105,-0.0697049019607843,0.143729375644995
"18305","AIF1L.1",-1.27483256489917,0.0153469539357889,0.0898639473684211,-0.0704907843137255,0.160354731682147
"18406","ITLN1",2.11724858625049,0.00194426884707643,0.190667368421053,0.0900543137254902,0.100613054695562
"18523","RALGPS2",-0.0751010671606807,0.00119030841609635,-0.0109397368421053,0.145666862745098,-0.156606599587203
"18546","IRX5",-0.648808169949506,0.017248013139178,-0.0550492105263158,0.0848466666666667,-0.139895877192982
"18752","NBPF10",-10.147136406104,0.00451818997738159,-0.100874473684211,0.00994117647058824,-0.110815650154799
"18809","STXBP6.1",0.603327878668147,0.00247444007635095,-0.249641578947368,-0.41377431372549,0.164132734778122
"18874","IGLL5",0.000780168269824236,0.0252279874002343,-9.13157894736863e-05,-0.117046274509804,0.11695495872033
"18899","AMACR",0.120747848357569,0.00472845622127005,-0.0166263157894737,-0.137694509803922,0.121068194014448
"19041","ZMAT1.1",0.0759762359925111,0.00253149927373683,0.00993289473684211,0.130736862745098,-0.120803968008256
"19103","DPT.1",-2.04676199807533,0.0122111500344592,0.0967957894736842,-0.0472921568627451,0.144087946336429
"19319","SYTL4",-1.83002415405976,0.0222094129688633,-0.0740757894736842,0.0404780392156863,-0.11455382868937
"19398","RIPK4.1",2.07368976555675,0.0420647416002354,0.224596052631579,0.108307450980392,0.116288601651187
"19527","DLG5.1",3.96305425284163,0.0023291387587616,-0.159581315789474,-0.0402672549019608,-0.119314060887513
"19553","C1orf115.1",21.1197622434465,0.00146630792257213,0.107255263157895,0.00507843137254902,0.102176831785346
"19566","FAM193A.2",0.106879483029312,0.000891115871387228,0.0125381578947368,0.117311176470588,-0.104773018575851
"19584","PPP1R1A.1",2.16211368162819,0.00649577097755263,0.258526052631579,0.119570980392157,0.138955072239422
"19633","NBPF11",-1.52622010077347,0.003483952115194,-0.0676510526315789,0.0443258823529412,-0.11197693498452
"19635","PCM1.1",15.940005949472,0.0275639036192519,-0.108385789473684,-0.00679960784313725,-0.101586181630547
"19873","WFDC2.1",1.65262311226377,0.0305549139525448,-0.367418947368421,-0.222324705882353,-0.145094241486068
"19965","MST1",2.07052853831686,0.00233017666733003,-0.222663421052632,-0.107539411764706,-0.115124009287926
"20054","LOC644189",8.27071226183695,0.00806042872475114,-0.138146842105263,-0.016703137254902,-0.121443704850361
"20148","SLC39A6.1",1.27091048470982,0.024197235750931,-0.716940789473684,-0.564115882352941,-0.152824907120743
"20182","IL17RB",1.67468960907612,0.0219807988337836,-0.297690526315789,-0.17775862745098,-0.119931898864809
"20276","PARP14.1",0.571047741522634,0.0415960143731111,0.14558,0.254934901960784,-0.109354901960784
"20344","KAT6B.2",0.0554296871967342,0.00265350308162026,0.00596815789473684,0.107670784313725,-0.101702626418989
"20400","NBPF9",-0.806120435716624,0.00210603471428939,-0.0524107894736842,0.0650160784313726,-0.117426867905057
"20491","HLA.DRB6",-0.562850117649021,0.00879211059662299,0.0605868421052632,-0.107642941176471,0.168229783281734
"20557","USP6.1",4.75296248887665,0.0182284719531846,-0.141053947368421,-0.0296770588235294,-0.111376888544892
"20591","KAT6B.3",-4.27210370601059,0.00419868643762306,-0.0821081578947368,0.0192196078431373,-0.101327765737874
"20604","NKTR.1",0.465449918560799,0.00239776551133156,0.0965497368421053,0.207433137254902,-0.110883400412797
"20650","SLC22A5",2.5735812013975,0.00458810313919609,-0.176744473684211,-0.0686764705882353,-0.108068003095975
"20675","WASF3",1.56334754381493,0.019151066153836,0.299466578947368,0.191554705882353,0.107911873065016
"21018","ACADSB.1",3.2868015576529,0.0244052210863762,-0.182448421052632,-0.0555094117647059,-0.126939009287926
"21162","STK39.1",2.08532398413166,0.0485578379408643,-0.196543421052632,-0.0942507843137255,-0.102292636738906
"21269","C6orf203.1",2.68374452605995,0.00570584956685782,0.172773157894737,0.0643776470588235,0.108395510835913
"21271","SNX13.2",3.99933344332618,0.00051396977704448,-0.150092631578947,-0.0375294117647059,-0.112563219814241
"21327","B3GNT7.1",0.570135766534494,0.0136701338722305,-0.196386842105263,-0.344456274509804,0.148069432404541
"21444","CDC42BPA.2",0.3851933533419,0.0045673524485738,0.06548,0.169992549019608,-0.104512549019608
"21677","PPM1K.1",0.0196935787230196,0.00873342417384686,0.00279921052631579,0.142138235294118,-0.139339024767802
"21956","ZNF365.1",-16.0496330509795,0.00652666821232629,-0.109480526315789,0.00682137254901961,-0.116301898864809
"22036","LOC440335",2.5083647781401,0.022722652041664,-0.192462894736842,-0.076728431372549,-0.115734463364293
"22632","MTL5.1",2.0526081477239,0.0217042120857227,-0.226461842105263,-0.110328823529412,-0.116133018575851
"22637","ANKRD12.3",-2.0358449174624,0.0144652040169537,-0.0677389473684211,0.033273137254902,-0.101012084623323
"22790","ARHGEF10.4",0.440186011687797,0.00585683701168679,0.0836563157894737,0.190047647058824,-0.10639133126935
"22896","LAIR1.1",-1.47287656590879,0.0124727309368544,0.0709894736842105,-0.0481978431372549,0.119187316821465
"22937","SRRM1.1",-0.287795885158118,0.0377793092567583,-0.0225336842105263,0.0782974509803922,-0.100831135190918
"22956","NEFM.1",0.302896387421074,0.0262592853539155,0.0451955263157895,0.149211176470588,-0.104015650154799
"23380","TCTN1.1",0.321900299222188,0.00197854655579189,0.0503889473684211,0.156535882352941,-0.10614693498452
"23539","LOC389332",0.660177223285635,0.0261810879642366,0.227495,0.344596862745098,-0.117101862745098
"23639","FXYD3",-1.23794457807656,0.0390993404092709,-0.0675002631578947,0.0545260784313725,-0.122026341589267
"23844","SOX11.1",-6.728442457171,0.00275676673972481,0.261403947368421,-0.0388505882352941,0.300254535603715
"23957","RNF213.2",0.396393072762014,0.00316815754749717,0.0930255263157895,0.23468,-0.141654473684211
"24008","LRRCC1.1",1.82003058704914,0.0067733795325306,-0.287224736842105,-0.157813137254902,-0.129411599587203
"24024","SOHLH1.1",0.245822075956017,0.0496388140358876,-0.0514589473684211,-0.209334117647059,0.157875170278638
"24156","ITPRIPL2",2.04315341838872,0.0140042684448751,-0.206030789473684,-0.100839607843137,-0.105191181630547
"24324","RERG.1",1.35781178338548,0.034551858030513,-0.616676578947368,-0.454169411764706,-0.162507167182663
"24339","CALCOCO2.1",2.11392534398983,0.0348200064918878,-0.196003157894737,-0.09272,-0.103283157894737
"24358","TFF1.1",2.04929943347554,0.0160512792331335,-0.616075263157895,-0.300627254901961,-0.315448008255934
"24517","KALRN.1",1.66640041543739,0.0452440237362765,0.297780526315789,0.178696862745098,0.119083663570691
"24559","CA12.3",1.89549958932529,0.0182962184614049,-0.319446315789474,-0.168528823529412,-0.150917492260062
"24564","ABAT.1",-24.1012952010182,0.00354163263894904,-0.112954736842105,0.00468666666666667,-0.117641403508772
"24567","CALCOCO2.2",5.0834654237713,0.0407368245851022,-0.130599210526316,-0.0256909803921569,-0.104908230134159
"24601","CCDC144A",9.13491949318048,0.0230056036371151,-0.112712368421053,-0.0123386274509804,-0.100373740970072
"24664","ATP1A4.2",1.57195572098318,0.0050219908365613,-0.440781315789474,-0.280403137254902,-0.160378178534572
"24806","METRN",1.60367511350149,0.0174723615286251,-0.340673421052632,-0.212432941176471,-0.128240479876161
"24813","CYP2B6.1",1.56251751958008,0.00997675592382898,-0.769628421052632,-0.492556666666667,-0.277071754385965
"24983","NBPF3.2",-1.1373144817303,0.00378928413697857,-0.0576194736842105,0.0506627450980392,-0.10828221878225
"25082","GPR158",0.297327280321225,0.0406117084872219,-0.0654352631578947,-0.220078235294118,0.154642972136223
"25125","RNF213.3",-0.736624499385467,0.000723165744962771,-0.051825,0.0703547058823529,-0.122179705882353
"25160","SLC1A2.1",1.35259760356207,0.0191696054657074,-0.424733947368421,-0.314013529411765,-0.110720417956656
"25264","SLC13A3",4.60365077134373,0.000152431740339539,0.284309736842105,0.0617574509803922,0.222552285861713
"25271","GRPR.1",1.70661395284902,0.0274719923427647,-0.434598947368421,-0.25465568627451,-0.179943261093911
"25422","PBRM1.2",0.105745423326907,0.00168131988827239,0.0126605263157895,0.119726470588235,-0.107065944272446
"25526","AFF3.1",0.306243570934447,0.02339894051995,0.0482210526315789,0.157459803921569,-0.10923875128999
"25652","WISP1.2",-3.19000403934865,0.022683299956539,-0.0841892105263158,0.026391568627451,-0.110580779153767
"25701","FLJ33534",2.30775049195447,0.00430903519793567,-0.420336842105263,-0.18214137254902,-0.238195469556244
"25818","UBE2Z.2",2.62631707679096,0.021578343046701,-0.174749473684211,-0.0665378431372549,-0.108211630546956
"25830","PIM2",-4.82692427443257,0.0268809813544795,0.107193684210526,-0.0222074509803922,0.129401135190918
"25909","CEACAM1.2",-0.409041363253794,0.0361002974858542,0.0447528947368421,-0.109409215686274,0.154162110423117
"25950","AMZ1",1.48482564879022,0.018183778874706,-0.379,-0.255248823529412,-0.123751176470588
"26039","ZNF44",0.142102578024378,0.00361824743914212,0.0227744736842105,0.160267843137255,-0.137493369453044
"26175","HSD17B12.2",0.388382884733386,0.0148676983032645,-0.0713492105263158,-0.183708431372549,0.112359220846233
"26338","PCP2",1.52046644504853,0.0115536858188039,-0.367185789473684,-0.241495490196078,-0.125690299277606
"26444","HLA.DRB3",-1.38811298881909,0.0246165303243663,0.0699418421052631,-0.0503862745098039,0.120328116615067
"26455","SAMD11",2.23195768171283,0.0179191393438639,-0.215129210526316,-0.0963858823529412,-0.118743328173375
"26457","ITM2C.1",-0.646899467948508,0.00914880654383751,0.0472089473684211,-0.0729772549019608,0.120186202270382
"26687","BCL11A.2",-0.964683354255472,0.0402924806437421,0.083025,-0.0860645098039216,0.169089509803922
"26818","TBL1X",15.191206229742,0.0365565734062715,-0.108149473684211,-0.00711921568627451,-0.101030257997936
"26934","LYZ",0.419173061267748,0.0405589980826775,-0.141389210526316,-0.337305098039216,0.1959158875129
"26944","MTRNR2L2",9.69707565211898,0.0112286246409169,-0.191673157894737,-0.0197660784313725,-0.171907079463364
"27032","XCL1",-2.89862776664076,0.04248000825729,0.0789523684210526,-0.0272378431372549,0.106190211558308
"27058","CGN.1",1.56222574532963,0.012409242173911,-0.286554473684211,-0.183427058823529,-0.103127414860681
"27117","MYO10.1",-0.231629935009862,0.00317248544684218,0.0225221052631579,-0.097233137254902,0.11975524251806
"27271","IRX5.1",3.8800560177391,0.0149995457124992,-0.180617368421053,-0.0465501960784314,-0.134067172342621
"27298","SECTM1.2",7.41994568204598,0.0338818535539911,-0.134995,-0.0181935294117647,-0.116801470588235
"27567","TRIM11.2",0.22683896338684,0.00409075124643716,0.0309060526315789,0.136246666666667,-0.105340614035088
"27990","MBNL2.1",6.10762670125599,0.00413852343494422,0.139365263157895,0.0228182352941176,0.116547027863777
"28043","HSD17B1.2",0.0703184961269985,0.0369061665380231,0.0100015789473684,0.142232549019608,-0.132230970072239
"28403","CTNNB1.2",0.487627409555006,9.94521008323491e-05,0.115928157894737,0.237739215686275,-0.121811057791538
"28535","LOC100653245",0.56798456141659,0.0457097531340913,-0.143387368421053,-0.252449411764706,0.109062043343653
"28593","BMPR1B",1.32429856579141,0.0101201654382657,-0.656205,-0.49551137254902,-0.16069362745098
"28747","MEX3B.1",-1.30512509302859,0.00274180025123562,0.0658392105263158,-0.0504466666666667,0.116285877192982
"29082","TBC1D3P2",0.320874661835902,0.0335059029609858,0.0552260526315789,0.172110980392157,-0.116884927760578
"29162","TRNP1",2.30262872848417,0.046181596127849,-0.189655789473684,-0.0823649019607843,-0.1072908875129
"29409","LOC650226",0.120971261568929,0.0104411328356755,0.0222173684210526,0.183658235294118,-0.161440866873065
"29518","C16orf89.1",0.15598772334787,0.0079249013950726,-0.0197034210526316,-0.126313921568627,0.106610500515996
"29733","CCDC144A.2",-11.9614927385707,0.00954491435743845,-0.117543947368421,0.00982686274509804,-0.127370810113519
"29908","LOC100506674",1.37068365594111,0.0331369734145282,-0.593936578947368,-0.433314117647059,-0.16062246130031
"29995","C2CD4B.1",-0.100450982272583,0.00211261564653688,0.0254778947368421,-0.253635098039216,0.279112992776058
"30358","TSPAN6.1",-1.5754526378883,0.0239888443129005,0.0700915789473684,-0.0444898039215686,0.114581382868937
"30617","LOC100131096",0.573475863666149,0.00938555117299841,0.145201052631579,0.253194705882353,-0.107993653250774
"30669","HSPB1.1",1.75848283251163,0.0036403257228228,-0.248171578947368,-0.141128235294118,-0.107043343653251
"30683","ANKRD20A2.2",0.189972107693127,0.044969868772045,0.0297789473684211,0.15675431372549,-0.126975366357069
"30700","GRIK3.1",1.50774997213596,0.0297591676054065,-0.478985263157895,-0.317682156862745,-0.16130310629515
"30988","ZNF516.2",1.72914153538875,0.0296618038458212,-0.241315263157895,-0.139557843137255,-0.10175742002064
"31290","SYDE2",1.87678825051837,0.0149645701375463,-0.268823421052632,-0.143235882352941,-0.12558753869969
"31306","INPP4B.1",-3.11590359670661,0.00766000173260218,-0.0781334210526316,0.0250756862745098,-0.103209107327141
"31692","SSFA2.1",2.28809042473127,0.0015602513024316,-0.220721315789474,-0.0964652941176471,-0.124256021671827
"31766","PABPC1L.2",-0.317217672185816,0.00363080517640666,-0.0322163157894737,0.101559019607843,-0.133775335397317
"31917","RNF213.4",-0.737217681816252,0.000316853311921455,-0.0542986842105263,0.0736535294117647,-0.127952213622291
"31929","SSFA2.2",1.97708576486065,0.000771460226527938,-0.291505789473684,-0.147442156862745,-0.144063632610939
"31949","GALNTL4.1",0.743581342814042,0.00290020544009189,0.303687368421053,0.408411764705882,-0.10472439628483
"32034","CMYA5.1",-1.13406303601299,1.48514590339263e-06,-0.0594573684210526,0.0524286274509804,-0.111885995872033
"32376","CXXC5.1",2.05656069263668,0.000248774152352998,-0.249035789473684,-0.121093333333333,-0.127942456140351
"32581","SPOCD1.1",0.391634011547075,0.0110247766582696,0.08644,0.220716274509804,-0.134276274509804
"32744","ADCY9.1",1.95995124413713,0.004926056024432,-0.228144473684211,-0.116403137254902,-0.111741336429309
"33064","SLC44A5.1",-1.01797716788938,0.0242939968778314,0.0527928947368421,-0.0518605882352941,0.104653482972136
"33167","LINC00085.2",-0.0263302510824514,0.0183546355700371,-0.00281842105263158,0.107041176470588,-0.10985959752322
"33256","DENND1B.2",0.527989442912759,0.0238031432419132,0.11956,0.226443921568627,-0.106883921568627
"33368","RABEP1.2",1.98740644479434,0.0189786092529122,-0.216805,-0.109089411764706,-0.107715588235294
"33399","TFPI2.1",-0.317336907606652,0.00288893246469851,-0.0337481578947368,0.106348039215686,-0.140096197110423
"33473","GPRC5A.2",12.2391929684735,0.00025217744439404,-0.283039736842105,-0.0231256862745098,-0.259914050567595
"33523","LYPD1.1",-0.0340869036495669,0.0280670593032243,0.00441315789473685,-0.129467843137255,0.133881001031992
"33541","ANKRD18A.1",-2.51441339856422,0.046903394764668,-0.112438157894737,0.0447174509803922,-0.157155608875129
"33566","LOC100506990.1",-0.284728620579517,0.00945645249525899,-0.0280773684210526,0.0986109803921569,-0.12668834881321
"33771","LPAR3.2",-54.5208799443926,0.035646694516362,0.155416578947368,-0.00285058823529412,0.158267167182663
"34165","ETFA.1",3.02865387760906,0.00541525358930686,0.179812368421053,0.0593703921568627,0.12044197626419
"34247","FAM9C.1",8.91599637904493,0.0217091905070628,0.206744473684211,0.0231880392156863,0.183556434468524
"34260","MST1P2",2.0633919225394,0.00291309929261782,-0.255425263157895,-0.123789019607843,-0.131636243550052
"34334","ONECUT2.1",0.123318960526507,0.0227277178870999,-0.0265552631578947,-0.215338039215686,0.188782776057792
"34390","FLJ23152",1.76712047374877,0.0206083233438615,-0.475408421052632,-0.26903,-0.206378421052632
"34549","ANKRD20A9P.1",0.53960995585254,0.0472498247542826,0.117445789473684,0.217649411764706,-0.100203622291022
"34615","FAM9C.2",-5.12414693351202,0.0123224710321932,0.125481315789474,-0.0244882352941176,0.149969551083591
"34862","EVPLL",-0.0444460978787837,0.00851367217416303,-0.00724657894736842,0.163041960784314,-0.170288539731682
"34959","MACC1.1",0.520691786501915,0.0480425201634533,0.182047631578947,0.349626470588235,-0.167578839009288
"35133","PTCHD1.1",2.89836318352396,0.0163623959263712,0.277993947368421,0.0959141176470588,0.182079829721362
"35253","BEAN1",0.346318581655312,0.0232069986154169,-0.0649981578947368,-0.187683137254902,0.122684979360165
"35313","SLC24A2.1",2.0673397279134,0.0251130295912296,-0.301896052631579,-0.146031176470588,-0.155864876160991
"35506","C6orf115",2.94912262396119,0.0353364796846117,0.155174736842105,0.0526172549019608,0.102557481940144
"35596","KIAA1257",-1.69950274980841,0.0207006850744964,-0.102713947368421,0.0604376470588235,-0.163151594427245
"35713","AGBL2",1.50973362383605,0.0209924879870939,-0.331211578947368,-0.219384117647059,-0.11182746130031
"35727","ANKRD20A2.3",0.146372001958651,0.0466039271010865,0.0218007894736842,0.148940980392157,-0.127140190918473
"35795","LOC283454",0.267291056507923,0.00744333355298936,-0.0693315789473684,-0.259386078431373,0.190054499484004
"35873","MAP9.1",1.9979983902637,0.0252898354435643,-0.209888947368421,-0.105049607843137,-0.104839339525284
"35925","HTR7P1.1",1.33746213583616,0.00357174807126855,-0.515992105263158,-0.385799411764706,-0.130192693498452
"36060","LOC100506428.1",39.4529862961761,0.00164869680750761,0.111682894736842,0.00283078431372549,0.108852110423117
"36345","TDRD12",0.715553857236332,0.0254629919347468,-0.356920789473684,-0.498803529411765,0.14188273993808
"36386","LONRF2",1.51290860449126,0.0193904129398688,-0.704746052631579,-0.465821960784314,-0.238924091847265
"36591","LOC100287482",1.34429822776904,0.0207146145595145,-0.485887105263158,-0.361442941176471,-0.124444164086687
"36592","LOC100287482.1",1.41197707389134,0.0155060296552016,-0.484063947368421,-0.342827058823529,-0.141236888544892
"36638","DSCAM.AS1",2.05632594826607,0.0238413477436915,-0.304421315789474,-0.14804137254902,-0.156379943240454
"36676","NCAM2.1",2.43434546696041,0.0137334419237525,-0.183333421052632,-0.0753111764705882,-0.108022244582043
"36769","FAM196A",1.34276531045753,0.0135225354330195,-0.674011315789474,-0.501957647058824,-0.17205366873065
"36772","YWHAQ.3",-0.452907284743489,0.0119863835208748,0.0388115789473684,-0.0856943137254902,0.124505892672859
"36853","DENND1B.3",1.69275600396415,0.00784387427378508,-0.270011842105263,-0.159510196078431,-0.110501646026832
"36897","PARD6B",1.52204228488897,0.0466111729767013,-0.431382894736842,-0.283423725490196,-0.147959169246646
"36938","DNAH2.1",-0.807897343747761,0.0383062194105739,0.0564484210526316,-0.0698707843137255,0.126319205366357
"36975","ITGA2.3",0.438188574846021,0.0111473591174957,0.0903047368421053,0.206086470588235,-0.11578173374613
"37039","CIITA.4",4.04703149106878,0.0285305896188933,0.134593157894737,0.0332572549019608,0.101335902992776
"37059","C1orf53",-10.4898672585966,0.0171776716080525,-0.117338421052632,0.0111858823529412,-0.128524303405573
"37228","C1orf88.1",1.93425923952347,0.0249926713292815,-0.237873684210526,-0.122979215686275,-0.114894468524252
"37300","BMPR1B.1",1.46790563903354,0.000820344997834957,-1.34479210526316,-0.916129803921569,-0.428662301341589
"37492","RPS9.1",8.59131694362854,0.00394331585580893,0.1256,0.0146194117647059,0.110980588235294
"37530","COL6A6",7.61787849076991,0.0396894352474694,0.204305526315789,0.0268192156862745,0.177486310629515
"37559","CPEB2.1",1.76568904404895,0.00650460438124354,-0.307365263157895,-0.174076666666667,-0.133288596491228
"37765","LOC100270746",-2.1095416846196,0.0276657901074422,0.0779115789473684,-0.0369329411764706,0.114844520123839
"37822","FAM40B.1",0.467436986097619,0.0193475689833218,0.0954481578947368,0.204194705882353,-0.108746547987616
"37899","BCAS4.1",1.73586914784998,0.00518744680460981,0.316639210526316,0.182409607843137,0.134229602683179
"37924","TBC1D3B",0.104632317357527,0.0201764443200369,0.0171852631578947,0.16424431372549,-0.147059050567595
"37947","BMPR1B.2",1.22607962835529,0.0133024329266041,-1.219955,-0.995004705882353,-0.224950294117647
"38198","ACADSB.2",1.51296670080295,0.0136341761255219,-0.548048157894737,-0.362234117647059,-0.185814040247678
"38408","SLC4A4.2",0.731120783364914,0.00886953729933589,-0.482094736842105,-0.65939137254902,0.177296635706914
"38880","IL6ST.4",1.87576754111313,0.00600450574725498,-0.264304473684211,-0.140904705882353,-0.123399767801858
"38960","PIP5K1B",0.341811150239852,0.00402488153831612,-0.0781021052631579,-0.228494901960784,0.150392796697626
"39192","STOX1.1",1.81196478024517,0.0314833786477367,-0.232828947368421,-0.128495294117647,-0.104333653250774
"39233","LOC100506689",-5.17585269375564,0.0278035635056873,0.150509736842105,-0.0290792156862745,0.17958895252838
"39294","NTN1.1",0.215123706056912,0.000600177582615349,-0.0540676315789474,-0.251332745098039,0.197265113519092
"39347","KIAA1407.1",-0.58416358279135,0.00155427882390446,-0.0564023684210526,0.0965523529411765,-0.152954721362229
"39469","USP32P1.1",20.5298289046149,0.0128448434402283,-0.130082631578947,-0.00633627450980392,-0.123746357069143
"39964","CHDH.2",1.6159307408327,0.0451482059313409,-0.288945526315789,-0.178810588235294,-0.110134938080495
"40079","HSPB1.2",1.80439235113787,0.00416804623153022,-0.308981315789474,-0.171238431372549,-0.137742884416925
"40208","TDRD12.1",0.740744847727048,0.0196730078524202,-0.725571052631579,-0.979515490196078,0.253944437564499
"40349","NBPF10.2",-3.18196762936535,0.00378929049899659,-0.0857434210526316,0.0269466666666667,-0.112690087719298
"40388","FAM169A.1",1.75510194891747,0.00362542056409002,-0.319771315789474,-0.182195294117647,-0.137576021671827
"40767","PTPRG.1",0.683648948773463,0.00152460666699213,0.265127105263158,0.387811764705882,-0.122684659442724
"40923","TCHH",2.78877303180452,0.0439310614971472,0.158614473684211,0.0568760784313725,0.101738395252838
